ID,HP,STR,STRMAX,DEX,DEXMAX,VIT,VITMAX,SPE,SPEMAX,INS,INSMAX,Height,Weight
0,1,1,1,1,1,1,1,1,1,1,1,0,0
1,3,2,4,2,4,2,4,2,4,2,4,0,0
2,4,2,4,2,4,2,4,2,5,2,5,0,0
3,5,2,5,2,5,2,5,3,6,3,6,0,0
4,6,3,6,2,5,3,7,3,6,3,6,0,0
5,3,2,4,2,4,1,3,2,4,2,4,0,0
6,4,2,4,2,5,2,4,2,5,2,4,0,0
7,5,2,5,3,6,2,5,3,6,2,5,0,0
8,6,3,6,3,6,2,5,4,8,3,6,0,0
9,6,3,7,3,6,3,6,3,7,2,5,0,0
10,3,2,4,1,3,2,4,2,4,2,4,0,0
11,4,2,4,2,4,2,5,2,4,2,5,0,0
12,5,2,5,2,5,3,6,2,5,3,6,0,0
13,6,3,6,2,5,3,7,3,6,3,6,0,0
14,3,1,3,2,4,1,3,1,3,1,3,0,0
15,4,1,3,1,3,2,4,1,3,1,3,0,0
16,5,2,4,2,5,2,4,2,5,2,5,0,0
17,3,1,3,2,4,1,3,1,3,1,3,0,0
18,4,1,3,1,3,2,4,1,3,1,3,0,0
19,5,2,5,2,5,2,4,2,4,2,5,0,0
20,6,4,8,4,8,1,3,1,2,2,5,0,0
21,3,2,4,2,4,1,3,1,3,1,3,0,0
22,4,2,4,2,5,2,4,2,4,2,4,0,0
23,5,2,5,3,6,2,5,2,5,2,5,0,0
24,6,2,5,3,7,2,5,3,7,2,5,0,0
25,3,2,4,2,5,1,3,1,3,1,3,0,0
26,3,2,4,2,5,1,3,1,3,1,3,0,0
27,4,2,5,3,6,2,4,2,4,2,5,0,0
28,4,2,5,2,5,2,5,1,3,2,5,0,0
29,3,2,4,2,5,1,3,1,3,1,3,0,0
30,4,2,5,3,6,2,4,2,4,2,4,0,0
31,3,2,4,2,4,1,3,1,3,2,4,0,0
32,5,3,6,2,5,2,5,2,4,2,5,0,0
33,4,2,4,2,5,1,3,2,4,2,4,0,0
34,5,2,5,3,6,2,4,3,6,2,5,0,0
35,5,2,5,3,6,2,4,3,6,2,5,0,0
36,3,2,5,1,3,2,5,1,3,1,3,0,0
37,3,2,5,1,3,2,5,1,2,1,3,0,0
38,4,3,6,2,4,3,6,2,4,2,4,0,0
39,4,3,6,2,4,3,7,1,3,2,4,0,0
40,3,2,4,1,3,2,4,1,3,1,3,0,0
41,4,2,4,2,4,2,4,2,4,2,4,0,0
42,5,3,6,2,5,2,5,2,5,2,5,0,0
43,3,2,4,2,4,1,3,1,3,1,3,0,0
44,4,2,5,2,4,2,4,2,4,2,4,0,0
45,5,3,6,2,5,2,5,2,5,2,5,0,0
46,4,2,4,1,3,2,4,2,4,2,4,0,0
47,5,2,5,2,4,2,5,3,6,2,5,0,0
48,3,1,3,2,4,1,3,2,4,2,4,0,0
49,3,1,3,2,4,1,3,2,4,2,4,0,0
50,4,2,5,3,6,2,5,2,5,3,6,0,0
51,4,2,4,3,6,2,5,2,5,3,6,0,0
52,4,2,4,1,3,1,3,2,4,1,3,0,0
53,7,2,5,2,4,2,4,2,5,2,4,0,0
54,3,2,4,2,4,1,3,1,3,1,3,0,0
55,4,2,5,2,5,2,5,2,4,2,5,0,0
56,3,2,4,1,3,2,4,2,5,2,4,0,0
57,4,2,4,2,3,2,5,2,5,2,5,0,0
58,5,2,5,2,4,2,5,3,6,2,5,0,0
59,3,2,5,1,3,2,4,2,4,2,4,0,0
60,4,3,6,1,3,2,5,2,5,2,5,0,0
61,3,2,4,1,3,2,4,2,4,2,4,0,0
62,4,2,4,2,4,2,5,2,5,2,5,0,0
63,3,2,4,3,6,1,3,1,3,1,3,0,0
64,3,2,4,2,5,1,3,1,3,1,4,0,0
65,4,2,5,3,7,2,4,2,4,2,5,0,0
66,4,3,6,3,6,2,4,2,4,2,5,0,0
67,3,2,4,2,5,1,3,1,3,1,3,0,0
68,3,1,3,2,5,1,3,2,4,1,3,0,0
69,3,2,5,1,3,2,4,1,3,1,3,0,0
70,4,2,5,3,6,2,4,2,4,2,4,0,0
71,4,2,4,3,6,2,4,2,5,2,4,0,0
72,3,2,4,2,4,2,4,2,4,2,4,0,0
73,4,2,5,2,5,2,5,3,6,2,5,0,0
74,3,2,5,2,5,1,3,1,3,2,4,0,0
75,4,3,6,3,6,2,4,2,4,2,5,0,0
76,3,2,5,2,5,2,4,2,5,2,4,0,0
77,4,3,6,3,6,2,5,3,6,2,5,0,0
78,3,2,4,2,5,1,3,1,3,1,3,0,0
79,4,2,4,2,5,2,4,2,4,2,4,0,0
80,5,3,6,2,5,3,6,2,5,2,5,0,0
81,3,1,3,2,5,1,2,3,6,1,3,0,0
82,4,1,3,3,6,1,3,3,7,2,5,0,0
83,5,2,4,3,7,2,4,3,7,3,6,0,0
84,6,2,4,4,8,2,4,4,9,3,6,0,0
85,3,2,5,1,3,2,4,1,3,1,3,0,0
86,4,3,6,2,4,2,5,2,4,2,4,0,0
87,5,3,7,2,4,2,5,2,4,2,5,0,0
88,3,2,5,1,3,1,3,2,5,1,3,0,0
89,4,2,5,2,4,2,4,2,5,2,4,0,0
90,5,3,6,2,5,2,4,3,6,2,5,0,0
91,3,1,3,2,5,1,3,2,4,3,6,0,0
92,5,2,5,3,6,2,4,2,5,3,7,0,0
93,3,2,5,1,3,3,6,1,3,1,3,0,0
94,3,2,5,1,3,3,6,1,3,1,3,0,0
95,4,3,6,1,3,3,6,2,4,2,4,0,0
96,4,3,6,1,3,3,6,2,4,2,4,0,0
97,5,3,8,2,4,3,7,2,4,2,4,0,0
98,5,3,7,2,4,3,7,2,4,2,4,0,0
99,3,2,5,2,5,2,4,2,4,2,4,0,0
100,3,2,5,2,5,2,4,2,4,2,4,0,0
101,4,3,6,3,6,2,5,2,5,2,5,0,0
102,4,3,6,3,6,2,5,2,5,2,5,0,0
103,4,2,4,1,2,2,4,1,3,1,3,0,0
104,4,2,4,1,2,2,4,1,3,1,3,0,0
105,5,2,5,1,3,4,6,3,6,2,5,0,0
106,5,2,5,1,2,4,9,3,7,2,5,0,0
107,3,2,4,2,5,2,4,2,4,2,4,0,0
108,4,2,4,2,5,3,6,3,7,2,6,0,0
109,4,2,5,2,4,2,4,2,4,2,4,0,0
110,3,2,5,2,4,2,4,2,4,2,4,0,0
111,3,2,5,2,5,2,4,1,3,1,3,0,0
112,4,3,6,3,6,2,5,2,4,2,4,0,0
113,3,2,4,2,4,2,4,2,4,2,5,0,0
114,4,2,5,2,5,2,5,2,5,3,6,0,0
115,3,2,5,1,3,2,4,1,3,2,4,0,0
116,3,2,5,1,3,2,4,1,3,2,4,0,0
117,5,3,6,2,4,2,5,2,4,3,6,0,0
118,5,3,6,2,4,2,5,2,4,3,6,0,0
119,3,2,4,1,3,3,6,2,4,1,3,0,0
120,4,3,6,2,5,4,9,2,5,2,4,0,0
121,4,1,3,2,5,1,3,3,6,1,3,0,0
122,4,2,4,3,6,2,4,3,6,2,4,0,0
123,5,2,4,3,6,2,4,3,7,2,5,0,0
124,6,2,4,3,7,2,5,3,9,3,6,0,0
125,8,2,4,2,5,4,8,1,3,2,4,0,0
126,3,2,4,1,3,2,4,1,3,2,5,0,0
127,4,2,5,2,4,2,5,2,5,3,6,0,0
128,3,3,6,2,4,2,5,1,3,1,3,0,0
129,4,3,7,2,5,3,6,2,4,2,4,0,0
130,3,1,3,3,6,2,4,2,4,2,4,0,0
131,4,2,4,4,8,2,5,2,5,2,5,0,0
132,3,1,3,1,3,2,5,2,4,2,4,0,0
133,5,3,6,2,4,2,5,3,7,2,5,0,0
134,5,3,6,2,4,2,5,3,7,2,5,0,0
135,3,2,4,1,3,3,6,2,4,2,4,0,0
136,4,2,5,2,4,3,6,2,4,2,5,0,0
137,4,2,5,2,4,3,6,2,4,2,5,0,0
138,4,3,7,2,5,2,4,1,3,3,6,0,0
139,4,3,6,2,4,3,6,1,3,3,6,0,0
140,3,2,4,1,3,2,5,2,4,2,5,0,0
141,3,2,4,1,3,3,6,2,4,2,4,0,0
142,4,2,5,2,4,3,7,2,5,2,5,0,0
143,4,2,5,2,4,3,7,2,5,2,5,0,0
144,3,2,5,1,3,3,6,1,3,1,3,0,0
145,5,3,7,1,3,3,7,2,4,2,4,0,0
146,12,1,2,2,4,1,2,1,3,3,6,0,0
147,3,2,4,2,4,3,6,3,6,1,3,0,0
148,5,3,6,2,5,2,5,1,3,2,5,0,0
149,6,3,7,3,6,3,6,2,4,3,6,0,0
150,3,2,4,2,4,2,5,2,5,1,3,0,0
151,4,2,4,2,5,3,6,3,6,2,4,0,0
152,3,2,4,2,4,2,4,1,3,2,4,0,0
153,4,3,6,2,4,2,4,2,4,2,5,0,0
154,3,2,4,2,5,2,4,2,5,2,4,0,0
155,4,2,5,3,6,2,5,3,6,2,5,0,0
156,4,2,4,2,5,2,4,3,6,3,7,0,0
157,4,2,4,3,6,2,4,2,5,2,5,0,0
158,3,3,6,3,6,2,5,2,4,2,5,0,0
159,4,2,4,3,6,1,3,3,6,3,6,0,0
160,4,2,5,3,6,2,4,3,6,2,5,0,0
161,4,3,6,2,5,2,4,3,6,2,5,0,0
162,4,3,7,2,5,3,6,2,4,2,5,0,0
163,5,4,8,3,6,3,7,2,4,2,5,0,0
164,4,3,6,3,6,3,6,1,3,2,5,0,0
165,3,1,2,2,5,2,4,1,2,1,3,0,0
166,7,3,7,2,5,2,5,2,4,3,6,0,0
167,8,4,8,2,5,3,6,2,5,3,7,0,0
168,6,2,5,2,4,2,5,2,5,3,6,0,0
169,4,2,4,2,4,2,4,2,4,2,4,0,0
170,3,2,4,2,4,2,4,2,4,2,4,0,0
171,6,2,4,2,4,2,4,3,6,3,6,0,0
172,4,2,4,3,7,2,4,3,6,3,6,0,0
173,6,3,7,2,4,2,4,3,6,3,6,0,0
174,3,2,4,1,3,2,5,2,5,2,5,0,0
175,3,1,3,1,3,3,6,2,5,2,4,0,0
176,4,2,4,2,4,3,7,3,6,2,5,0,0
177,3,2,5,2,4,2,5,2,4,2,4,0,0
178,4,3,6,2,5,3,6,2,4,2,5,0,0
179,4,3,6,3,7,2,4,2,4,2,5,0,0
180,5,3,7,3,7,2,5,2,5,3,6,0,0
181,8,3,6,1,3,2,4,2,4,3,6,0,0
182,4,5,5,5,5,6,6,6,6,7,7,0,0
183,4,5,5,6,6,5,5,7,7,5,5,0,0
184,4,6,6,5,5,5,5,7,7,5,5,0,0
185,3,2,4,2,4,2,4,2,4,2,4,0,0
186,6,2,5,2,5,2,4,2,5,2,5,0,0
187,6,3,7,2,5,3,6,3,6,3,6,0,0
188,5,6,6,7,7,5,5,8,8,5,5,0,0
189,6,9,9,7,7,6,6,7,7,6,6,0,0
190,6,8,8,7,7,5,5,10,10,7,7,0,0
191,5,6,6,6,6,6,6,6,6,6,6,0,0
192,3,2,4,2,4,2,4,2,4,2,4,0,0
193,4,2,4,2,4,2,5,2,4,2,5,0,0
194,5,2,5,2,5,3,6,2,5,3,6,0,0
195,3,2,4,2,4,1,3,2,4,2,4,0,0
196,4,2,4,2,5,2,4,2,5,2,4,0,0
197,5,2,5,3,6,2,5,3,6,2,5,0,0
198,3,2,4,1,3,2,4,1,3,2,4,0,0
199,4,2,5,2,4,2,5,2,4,2,4,0,0
200,5,3,6,2,5,3,6,2,5,2,5,0,0
201,3,2,4,1,3,1,3,1,3,2,4,0,0
202,4,2,5,2,4,2,4,2,4,2,5,0,0
203,3,1,3,1,3,1,3,2,4,2,4,0,0
204,5,2,5,2,5,2,4,2,5,3,6,0,0
205,3,1,3,2,4,1,3,1,3,2,5,0,0
206,4,1,3,2,5,2,4,2,4,3,6,0,0
207,3,2,4,1,3,1,3,1,3,1,3,0,0
208,4,2,5,1,3,2,5,2,4,2,5,0,0
209,5,2,5,3,7,2,5,2,5,2,5,0,0
210,3,1,3,2,4,1,3,2,4,2,4,0,0
211,6,2,4,2,4,2,4,2,5,2,5,0,0
212,3,1,3,2,4,1,2,1,3,1,3,0,0
213,3,1,3,1,2,1,3,2,4,2,4,0,0
214,3,1,3,1,2,1,2,1,3,1,3,0,0
215,3,1,3,1,3,2,4,1,3,2,4,0,0
216,4,1,3,1,3,2,5,2,5,3,6,0,0
217,3,2,4,2,5,2,4,2,5,2,4,0,0
218,4,2,5,3,6,2,5,3,6,2,5,0,0
219,3,1,3,1,3,1,3,2,4,2,4,0,0
220,4,2,4,2,4,2,4,2,5,2,4,0,0
221,5,2,5,2,4,2,5,3,6,2,5,0,0
222,6,3,6,2,4,3,6,4,8,3,6,0,0
223,5,2,5,2,4,2,5,2,5,3,6,0,0
224,4,1,3,1,3,2,4,1,3,2,4,0,0
225,5,2,4,2,4,2,5,2,4,2,5,0,0
226,4,3,6,1,3,3,6,1,3,2,4,0,0
227,5,2,5,2,4,2,5,2,5,3,6,0,0
228,3,1,3,2,4,1,3,1,3,2,4,0,0
229,4,2,4,2,5,2,4,2,4,2,4,0,0
230,5,2,4,3,6,2,5,2,4,2,5,0,0
231,3,2,5,2,5,2,4,1,3,2,4,0,0
232,3,1,3,1,3,1,3,1,3,1,3,0,0
233,4,2,5,1,3,2,4,3,6,2,5,0,0
234,3,2,4,3,6,2,4,2,5,2,4,0,0
235,3,2,4,1,2,2,4,1,3,1,3,0,0
236,4,2,5,1,3,3,6,2,4,2,4,0,0
237,4,2,4,3,6,2,4,3,7,3,6,0,0
238,4,2,4,2,4,3,6,2,4,3,7,0,0
239,3,2,5,1,3,2,5,2,5,1,3,0,0
240,4,2,5,1,3,2,5,3,6,3,6,0,0
241,3,2,4,2,5,2,4,2,5,2,5,0,0
242,4,2,5,2,4,2,4,2,5,2,4,0,0
243,9,1,3,1,3,3,6,1,3,3,6,0,0
244,4,2,5,2,5,2,4,2,5,2,4,0,0
245,3,2,4,1,2,2,5,1,3,1,3,0,0
246,4,2,5,1,3,3,7,2,4,2,4,0,0
247,5,2,5,2,4,2,5,2,4,2,4,0,0
248,3,2,5,2,5,3,6,1,3,2,4,0,0
249,9,2,5,1,3,5,10,2,4,2,4,0,0
250,10,3,7,1,2,5,11,2,4,3,6,0,0
251,3,2,5,1,3,2,4,1,3,1,3,0,0
252,4,3,7,2,4,2,5,2,4,2,4,0,0
253,4,3,6,2,5,2,5,2,4,2,4,0,0
254,4,3,7,2,4,3,6,2,4,2,4,0,0
255,5,4,8,2,5,3,7,2,4,3,6,0,0
256,4,1,2,1,2,5,10,1,2,5,10,0,0
257,4,3,6,2,5,2,5,1,3,3,6,0,0
258,5,4,9,2,5,3,6,1,2,3,6,0,0
259,3,3,6,3,6,2,4,1,3,2,5,0,0
260,3,2,5,1,3,2,4,2,4,2,4,0,0
261,4,3,7,2,4,2,5,2,5,2,5,0,0
262,3,1,3,1,3,1,3,2,4,1,3,0,0
263,4,2,4,1,3,3,7,2,5,2,5,0,0
264,3,2,4,2,4,1,3,1,3,1,3,0,0
265,4,3,6,2,4,2,5,2,4,2,4,0,0
266,4,2,4,1,3,3,6,2,4,3,6,0,0
267,3,2,4,1,3,3,6,2,4,3,6,0,0
268,3,2,4,2,4,1,3,2,4,1,3,0,0
269,4,3,6,2,4,2,5,3,6,2,5,0,0
270,4,2,4,2,5,2,4,2,4,2,4,0,0
271,4,1,3,2,5,2,5,2,5,3,7,0,0
272,4,2,5,2,5,3,7,1,3,2,5,0,0
273,3,2,4,2,4,1,3,2,5,2,4,0,0
274,4,2,5,3,6,2,4,3,6,2,5,0,0
275,5,2,5,3,6,2,5,4,8,2,5,0,0
276,5,3,6,2,5,3,6,3,6,3,6,0,0
277,3,2,4,1,3,2,4,1,3,1,3,0,0
278,4,3,7,2,4,3,6,2,4,2,4,0,0
279,4,2,5,2,4,2,5,3,6,3,6,0,0
280,5,3,6,2,5,2,4,1,5,2,4,0,0
281,4,1,3,3,6,2,4,1,3,3,6,0,0
282,3,1,3,1,3,1,3,1,3,1,3,0,0
283,4,3,6,2,5,3,6,1,3,3,6,0,0
284,3,1,3,2,4,1,2,2,5,2,4,0,0
285,3,2,4,2,5,1,3,2,4,2,4,0,0
286,3,2,4,2,4,1,3,1,3,1,3,0,0
287,4,2,5,3,6,3,6,1,3,2,5,0,0
288,12,1,2,2,4,1,2,2,5,3,7,0,0
289,4,5,5,7,7,5,5,6,6,6,6,0,0
290,5,7,7,6,6,5,5,5,5,5,5,0,0
291,5,5,5,5,5,6,6,5,5,6,6,0,0
292,3,2,4,1,3,2,4,2,4,2,4,0,0
293,4,2,5,2,4,2,5,2,4,2,5,0,0
294,6,3,7,2,5,3,6,3,6,3,6,0,0
295,7,4,8,2,5,4,8,3,6,3,7,0,0
296,6,5,5,6,6,7,7,5,5,7,7,0,0
297,5,7,7,5,5,5,5,6,6,7,7,0,0
298,5,6,6,6,6,6,6,6,6,6,6,0,0
299,3,2,4,2,5,1,3,2,4,2,4,0,0
300,4,2,4,3,6,2,4,2,5,2,4,0,0
301,5,2,5,3,7,2,4,3,6,2,5,0,0
302,6,3,6,4,8,2,5,4,8,2,5,0,0
303,3,2,4,2,4,1,3,2,5,2,4,0,0
304,4,2,5,2,4,2,4,2,5,2,4,0,0
305,5,3,7,2,5,2,5,3,6,2,5,0,0
306,6,4,8,3,6,2,5,3,7,2,5,0,0
307,3,2,5,1,3,2,4,2,4,2,4,0,0
308,4,2,5,2,4,2,5,2,4,2,5,0,0
309,6,3,6,2,4,2,5,2,5,2,5,0,0
310,7,4,8,2,5,3,6,3,6,3,6,0,0
311,3,2,4,2,4,1,3,1,3,1,3,0,0
312,4,3,6,2,5,2,5,2,4,2,4,0,0
313,3,1,3,2,4,1,3,1,3,1,3,0,0
314,3,1,3,2,4,1,3,1,3,1,3,0,0
315,4,2,5,3,6,2,4,2,4,2,4,0,0
316,4,2,5,3,6,2,4,2,4,2,4,0,0
317,3,2,4,1,3,1,3,1,3,1,3,0,0
318,4,2,4,1,2,2,4,1,3,1,3,0,0
319,5,2,5,2,4,2,4,3,6,2,4,0,0
320,4,2,4,1,2,2,4,1,3,1,3,0,0
321,5,2,4,2,4,3,6,2,4,2,5,0,0
322,3,1,3,1,3,1,3,1,3,2,4,0,0
323,4,2,4,2,4,2,4,2,4,2,5,0,0
324,5,2,5,2,5,2,5,2,5,3,6,0,0
325,3,1,3,1,3,2,4,1,3,1,3,0,0
326,4,2,5,2,4,2,4,2,4,1,3,0,0
327,5,3,6,2,5,2,4,2,5,2,4,0,0
328,3,2,4,2,5,1,3,1,3,1,3,0,0
329,4,2,5,3,7,2,4,2,5,2,4,0,0
330,3,1,3,2,5,1,3,2,4,1,3,0,0
331,4,2,4,2,4,3,6,2,5,2,5,0,0
332,3,1,3,1,3,1,3,2,4,1,3,0,0
333,4,1,3,2,4,1,3,2,4,2,4,0,0
334,5,2,4,2,5,2,4,3,7,3,6,0,0
335,6,2,5,3,6,2,4,4,8,3,7,0,0
336,3,1,3,2,4,1,3,2,4,2,4,0,0
337,4,2,4,2,5,2,4,3,6,2,5,0,0
338,3,2,4,1,3,2,4,1,3,2,4,0,0
339,4,3,7,2,5,2,5,2,4,2,4,0,0
340,3,2,4,1,3,2,4,1,3,1,3,0,0
341,4,2,5,2,5,2,5,2,4,2,4,0,0
342,8,4,8,3,6,3,6,2,5,2,4,0,0
343,3,2,4,1,3,2,5,1,3,1,3,0,0
344,4,2,5,4,8,2,4,2,4,2,4,0,0
345,1,2,5,1,3,2,4,1,3,1,3,0,0
346,3,2,4,1,3,1,3,2,5,1,3,0,0
347,4,2,5,2,4,1,3,2,5,1,3,0,0
348,6,2,5,2,4,1,4,2,5,2,5,0,0
349,3,2,4,1,3,1,3,1,3,1,3,0,0
350,7,3,7,2,4,2,4,1,3,2,4,0,0
351,3,1,3,1,3,1,3,1,3,1,3,0,0
352,3,2,4,1,3,3,7,2,4,2,5,0,0
353,3,2,4,2,5,2,4,1,3,1,3,0,0
354,4,2,4,2,5,2,4,2,4,2,4,0,0
355,4,2,5,2,4,2,5,2,4,2,4,0,0
356,5,2,5,1,2,3,7,3,6,3,7,0,0
357,4,2,5,2,4,2,5,2,4,2,4,0,0
358,5,3,6,2,4,3,7,2,4,3,6,0,0
359,3,2,5,1,3,3,6,1,3,1,3,0,0
360,4,2,5,1,3,3,7,2,4,2,4,0,0
361,5,3,6,2,4,4,9,2,4,2,4,0,0
362,6,3,7,2,4,5,11,2,4,2,5,0,0
363,3,1,3,2,4,2,4,1,3,2,4,0,0
364,4,2,4,2,5,2,5,2,4,2,5,0,0
365,5,3,6,3,6,3,6,2,5,3,6,0,0
366,3,2,4,2,4,1,3,2,4,1,3,0,0
367,4,2,5,3,6,2,4,3,6,2,4,0,0
368,5,2,5,3,7,2,5,3,7,2,5,0,0
369,4,2,4,3,6,1,3,2,5,2,5,0,0
370,4,1,3,3,6,2,4,2,5,2,5,0,0
371,4,2,5,2,5,2,5,2,4,2,5,0,0
372,4,2,4,2,5,2,5,2,5,2,5,0,0
373,4,2,4,2,4,2,4,3,6,2,5,0,0
374,3,1,3,1,3,2,4,1,3,2,4,0,0
375,5,2,5,2,4,2,5,2,5,2,5,0,0
376,3,2,5,2,4,1,3,2,4,1,3,0,0
377,4,3,7,3,6,1,3,3,6,1,3,0,0
378,5,4,8,3,6,2,5,3,6,2,4,0,0
379,5,2,5,2,4,1,3,2,5,1,3,0,0
380,11,2,5,2,4,2,4,2,5,2,4,0,0
381,3,2,4,1,3,1,3,2,4,2,4,0,0
382,4,3,6,1,3,2,5,3,6,2,5,0,0
383,5,3,7,1,2,3,6,4,8,3,6,0,0
384,4,2,5,1,3,3,7,2,5,2,5,0,0
385,3,1,3,2,4,1,3,2,5,2,5,0,0
386,4,2,4,2,5,2,4,2,5,3,6,0,0
387,4,2,4,2,4,2,4,2,4,2,4,0,0
388,3,3,6,1,2,2,4,2,4,2,4,0,0
389,4,3,6,2,4,2,4,2,4,2,4,0,0
390,5,3,6,3,6,2,5,2,5,2,5,0,0
391,3,2,5,1,3,1,3,2,5,1,3,0,0
392,4,3,6,2,4,2,4,3,6,2,4,0,0
393,3,1,3,2,4,2,4,1,3,2,5,0,0
394,4,2,5,2,5,2,5,2,5,3,6,0,0
395,5,3,6,2,5,3,6,3,6,3,6,0,0
396,4,3,6,2,5,2,4,2,4,2,4,0,0
397,4,3,6,2,4,2,4,3,6,2,4,0,0
398,4,2,4,2,5,2,4,3,6,2,5,0,0
399,4,3,6,2,5,2,5,2,4,2,4,0,0
400,3,2,4,2,4,1,3,2,4,1,3,0,0
401,5,2,5,2,4,2,5,2,5,2,5,0,0
402,3,2,5,1,3,2,4,2,4,1,3,0,0
403,4,3,7,2,4,2,5,2,5,2,4,0,0
404,3,1,3,2,4,2,4,1,3,2,5,0,0
405,4,2,5,2,5,3,6,2,5,3,6,0,0
406,3,1,3,1,3,2,5,2,4,2,5,0,0
407,4,2,5,1,3,3,6,2,5,3,6,0,0
408,3,3,6,2,5,2,4,1,3,2,4,0,0
409,4,3,7,2,4,3,6,2,5,2,5,0,0
410,3,1,2,2,5,1,3,1,2,2,4,0,0
411,7,2,4,2,5,2,5,3,6,3,6,0,0
412,4,2,5,2,5,2,5,2,5,2,5,0,0
413,4,2,5,1,3,2,5,2,4,3,7,0,0
414,3,2,5,2,4,1,3,2,4,1,3,0,0
415,4,3,6,2,4,2,4,2,5,2,5,0,0
416,5,4,8,2,5,2,5,3,6,2,5,0,0
417,3,1,3,1,3,2,5,1,3,2,5,0,0
418,4,2,5,1,3,3,7,2,4,3,7,0,0
419,5,2,4,2,4,2,5,2,5,2,5,0,0
420,4,2,4,2,4,2,5,3,6,2,5,0,0
421,4,3,7,2,5,2,4,2,5,2,4,0,0
422,5,4,8,3,6,2,4,3,6,2,4,0,0
423,3,1,3,1,3,2,4,1,3,2,4,0,0
424,3,2,4,2,4,2,4,2,4,2,4,0,0
425,4,2,5,2,5,2,5,2,5,2,5,0,0
426,5,3,7,3,6,2,5,3,7,2,5,0,0
427,3,1,3,1,3,2,4,2,4,2,4,0,0
428,4,2,4,2,4,2,5,2,5,2,5,0,0
429,6,2,5,2,4,3,6,3,6,2,5,0,0
430,3,2,4,1,3,2,5,2,5,2,4,0,0
431,4,3,6,2,4,3,6,3,6,2,5,0,0
432,4,2,5,2,4,3,6,3,6,2,5,0,0
433,5,2,5,2,4,3,7,2,4,2,4,0,0
434,4,1,3,3,6,2,4,1,3,2,4,0,0
435,3,2,5,2,4,2,4,1,3,1,3,0,0
436,4,3,6,2,4,3,6,2,4,2,4,0,0
437,5,3,7,3,6,2,5,3,6,2,5,0,0
438,6,4,8,3,7,3,7,3,7,2,5,0,0
439,3,2,4,1,3,2,5,1,3,2,4,0,0
440,4,2,5,2,4,3,6,2,4,2,5,0,0
441,5,3,7,2,5,3,7,3,6,2,5,0,0
442,6,4,8,3,6,4,8,3,6,3,6,0,0
443,4,6,6,4,4,10,10,4,4,6,6,0,0
444,4,4,4,4,4,6,6,6,6,10,10,0,0
445,4,5,5,4,4,8,8,5,5,8,8,0,0
446,4,5,5,6,6,5,5,6,6,7,7,0,0
447,5,6,6,6,6,7,7,7,7,8,8,0,0
448,4,5,5,6,6,5,5,7,7,6,6,0,0
449,5,7,7,6,6,6,6,8,8,7,7,0,0
450,6,6,6,5,5,5,5,8,8,7,7,0,0
451,10,8,8,5,5,5,5,9,9,8,8,0,0
452,5,8,8,5,5,7,7,6,6,5,5,0,0
453,7,9,9,5,5,8,8,8,8,5,5,0,0
454,8,8,8,6,6,5,5,8,8,5,5,0,0
455,11,9,9,6,6,6,6,9,9,6,6,0,0
456,5,6,6,6,6,6,6,6,6,6,6,0,0
457,4,8,8,8,8,4,4,8,8,4,4,0,0
458,4,10,10,8,8,2,2,10,10,2,2,0,0
459,4,5,5,5,5,9,9,5,5,9,9,0,0
460,4,6,6,10,10,5,5,6,6,5,5,0,0
461,3,2,4,1,3,2,4,2,4,2,4,0,0
462,4,2,5,1,3,2,5,2,4,2,4,0,0
463,5,3,6,2,4,3,6,2,5,2,5,0,0
464,3,2,4,2,4,1,3,2,4,1,3,0,0
465,4,2,5,2,5,2,4,2,5,2,4,0,0
466,5,3,6,3,6,2,5,3,6,2,5,0,0
467,3,2,4,1,3,2,4,2,4,2,4,0,0
468,4,2,4,2,4,2,4,2,5,2,5,0,0
469,5,2,5,2,4,2,5,3,6,3,6,0,0
470,3,2,4,2,4,1,3,1,3,1,3,0,0
471,4,2,5,2,5,2,4,1,3,1,3,0,0
472,5,3,7,3,6,2,5,2,4,2,4,0,0
473,3,2,4,1,3,1,3,1,3,1,3,0,0
474,4,2,5,2,5,2,4,2,4,2,4,0,0
475,3,1,3,1,3,1,3,1,3,1,3,0,0
476,4,2,5,2,4,2,4,2,4,2,4,0,0
477,3,2,4,2,4,1,3,1,3,1,3,0,0
478,4,2,5,2,4,2,4,2,4,2,4,0,0
479,5,3,7,2,5,2,5,3,6,2,5,0,0
480,3,1,3,2,4,1,3,2,4,2,5,0,0
481,5,2,5,2,5,2,4,3,7,3,6,0,0
482,3,3,7,2,4,1,3,1,3,1,3,0,0
483,4,4,8,2,4,2,4,2,4,2,4,0,0
484,3,1,3,1,3,3,6,1,3,2,5,0,0
485,4,2,4,2,4,4,8,2,4,3,7,0,0
486,3,1,3,1,3,2,4,1,3,2,4,0,0
487,4,2,4,1,3,3,6,2,5,2,5,0,0
488,4,2,4,1,3,3,6,2,4,2,6,0,0
489,4,2,5,1,3,3,6,2,4,2,5,0,0
490,4,3,6,2,4,2,4,3,6,2,4,0,0
491,3,1,3,2,5,1,3,1,3,1,3,0,0
492,4,2,5,2,4,3,6,2,5,3,6,0,0
493,4,2,4,3,6,2,5,2,4,2,5,0,0
494,3,2,4,2,5,1,3,2,4,1,3,0,0
495,4,3,6,3,6,2,4,2,5,2,4,0,0
496,3,1,3,1,3,2,4,2,4,2,4,0,0
497,4,2,4,2,5,2,5,2,5,2,5,0,0
498,3,2,4,1,3,2,4,2,4,2,4,0,0
499,6,2,5,1,3,2,4,2,5,2,5,0,0
500,4,3,6,3,6,2,4,2,4,2,4,0,0
501,3,2,4,2,5,1,3,2,4,2,4,0,0
502,7,2,5,2,5,1,3,2,5,2,4,0,0
503,3,2,4,2,5,1,3,1,3,2,4,0,0
504,4,2,5,3,6,2,5,2,4,3,6,0,0
505,5,3,7,3,7,3,6,2,4,3,6,0,0
506,4,2,4,3,6,2,4,3,6,3,6,0,0
507,5,3,7,2,5,2,4,3,6,2,4,0,0
508,3,2,4,2,5,1,3,1,3,1,3,0,0
509,4,2,5,3,6,2,4,2,4,2,4,0,0
510,3,1,3,2,4,2,4,2,4,2,4,0,0
511,3,2,4,2,4,2,4,1,3,1,3,0,0
512,5,2,5,2,5,2,4,2,5,2,4,0,0
513,3,1,3,1,3,2,5,1,3,2,5,0,0
514,4,2,5,1,3,3,6,2,5,3,6,0,0
515,3,2,5,1,2,3,6,1,2,2,4,0,0
516,3,1,3,2,4,2,4,2,5,2,5,0,0
517,4,1,2,1,3,1,2,1,2,1,3,0,0
518,4,2,4,2,5,2,4,2,5,2,4,0,0
519,4,2,5,1,3,3,6,2,5,3,6,0,0
520,3,2,5,1,3,2,4,1,3,2,4,0,0
521,4,2,5,2,5,2,4,2,4,2,4,0,0
522,6,3,7,3,6,3,6,2,5,2,5,0,0
523,7,4,9,2,5,3,6,3,7,3,6,0,0
524,5,2,5,1,2,1,3,1,3,2,5,0,0
525,3,2,5,2,4,1,3,1,3,1,3,0,0
526,4,3,6,2,5,2,5,3,6,2,5,0,0
527,5,4,8,3,6,2,5,3,7,2,5,0,0
528,3,2,5,1,3,2,5,1,3,1,3,0,0
529,5,3,6,2,4,3,6,2,4,2,5,0,0
530,3,2,4,2,4,2,5,1,3,2,4,0,0
531,4,2,5,3,6,3,6,2,4,2,5,0,0
532,3,2,4,2,4,1,3,2,4,1,3,0,0
533,4,3,6,3,6,2,4,3,6,2,4,0,0
534,4,3,6,2,4,2,5,2,5,2,5,0,0
535,3,2,4,2,4,2,4,2,4,2,4,0,0
536,4,2,5,2,5,2,5,2,5,2,5,0,0
537,3,1,3,2,4,2,4,1,3,3,6,0,0
538,3,2,4,1,3,2,4,2,4,2,4,0,0
539,4,2,5,2,4,2,5,2,5,2,5,0,0
540,5,3,7,1,2,3,6,3,7,3,6,0,0
541,4,3,7,3,7,2,4,2,4,2,5,0,0
542,5,2,5,2,4,3,6,3,7,2,5,0,0
543,5,2,5,2,4,3,6,2,5,3,6,0,0
544,6,3,7,1,3,3,7,2,4,2,4,0,0
545,5,3,6,2,4,3,7,3,6,2,4,0,0
546,5,3,7,3,6,2,4,3,6,2,5,0,0
547,5,3,6,2,5,2,4,3,7,3,6,0,0
548,5,2,4,2,5,3,6,3,7,3,6,0,0
549,4,2,5,3,6,2,5,3,6,2,4,0,0
550,4,3,6,3,6,3,7,2,4,2,4,0,0
551,4,2,4,2,4,3,6,3,7,3,6,0,0
552,5,3,6,3,6,3,7,2,4,2,5,0,0
553,6,3,7,2,5,2,5,2,5,2,4,0,0
554,5,2,5,2,5,2,5,3,7,2,5,0,0
555,5,3,7,2,5,2,4,2,4,3,6,0,0
556,6,4,8,3,6,3,6,2,4,3,6,0,0
557,4,2,4,2,5,4,8,2,5,4,8,0,0
558,4,3,6,2,4,3,7,2,4,3,7,0,0
559,4,2,5,3,6,2,5,2,5,2,5,0,0
560,4,2,4,2,5,2,5,3,6,2,5,0,0
561,4,2,4,2,5,3,6,3,6,3,6,0,0
562,4,2,4,2,5,3,6,3,6,3,6,0,0
563,4,2,4,2,5,3,6,3,6,3,6,0,0
564,4,2,4,2,5,3,6,3,6,3,6,0,0
565,4,2,4,2,5,3,6,3,6,3,6,0,0
566,4,2,4,2,5,3,6,3,6,3,6,0,0
567,4,5,5,6,6,7,7,5,5,7,7,0,0
568,4,6,6,5,5,6,6,6,6,6,6,0,0
569,4,7,7,7,7,5,5,7,7,5,5,0,0
570,7,7,7,5,5,7,7,8,8,6,6,0,0
571,5,7,7,6,6,6,6,8,8,7,7,0,0
572,4,5,5,5,5,6,6,7,7,6,6,0,0
573,6,8,8,6,6,6,6,5,5,6,6,0,0
574,8,6,6,5,5,7,7,6,6,7,7,0,0
575,6,5,5,5,5,7,7,5,5,7,7,0,0
576,4,2,5,2,5,2,5,2,5,2,5,0,0
577,5,6,6,6,6,6,6,6,6,6,6,0,0
578,4,5,5,7,7,5,5,7,7,5,5,0,0
579,5,6,6,6,6,6,6,6,6,6,6,0,0
580,5,6,6,7,7,5,5,7,7,5,5,0,0
581,6,12,12,12,12,12,12,12,12,12,12,0,0
582,5,6,6,6,6,6,6,6,6,6,6,0,0
583,3,2,4,2,4,2,4,2,4,2,4,0,0
584,4,2,4,2,5,2,5,2,4,2,5,0,0
585,5,2,5,3,6,3,6,2,5,3,6,0,0
586,3,2,4,2,4,2,4,2,4,2,4,0,0
587,4,2,5,2,4,2,4,2,5,2,4,0,0
588,5,3,7,2,4,2,4,3,6,2,4,0,0
589,3,2,4,2,4,2,4,2,4,2,4,0,0
590,4,2,5,2,4,2,4,2,5,2,4,0,0
591,5,3,6,2,5,2,5,3,6,2,5,0,0
592,3,2,4,1,3,1,3,1,3,1,3,0,0
593,4,2,5,2,5,2,4,2,4,2,4,0,0
594,3,2,4,2,4,2,4,1,3,2,4,0,0
595,4,2,5,2,4,2,4,1,3,2,4,0,0
596,5,3,6,2,5,2,5,2,4,2,5,0,0
597,3,2,4,2,4,1,3,2,4,1,3,0,0
598,4,2,5,2,6,2,4,2,5,2,4,0,0
599,3,2,4,2,4,2,4,2,4,2,4,0,0
600,4,3,6,3,6,2,4,3,6,2,4,0,0
601,3,2,4,2,4,2,4,2,4,2,4,0,0
602,4,3,6,3,6,2,4,3,6,2,4,0,0
603,3,2,4,2,4,2,4,2,4,2,4,0,0
604,4,3,6,3,6,2,4,3,6,2,4,0,0
605,3,1,3,1,3,2,4,2,4,2,4,0,0
606,6,2,4,1,3,2,5,3,6,3,6,0,0
607,3,2,4,1,3,2,4,1,3,1,3,0,0
608,4,2,5,2,4,2,4,2,4,1,3,0,0
609,5,3,6,2,5,2,5,2,4,2,4,0,0
610,3,2,4,2,5,1,3,2,4,1,3,0,0
611,4,3,6,3,6,2,4,2,5,2,4,0,0
612,3,2,5,1,2,2,5,1,3,1,3,0,0
613,4,3,6,1,2,3,6,2,4,1,3,0,0
614,5,3,7,1,3,3,7,2,4,2,5,0,0
615,3,2,4,2,5,1,3,2,4,1,3,0,0
616,4,2,4,3,6,2,4,2,5,2,4,0,0
617,3,2,5,2,4,1,3,1,3,2,4,0,0
618,5,3,7,2,5,2,4,2,4,2,4,0,0
619,5,2,4,2,4,2,5,2,4,2,5,0,0
620,6,2,4,2,4,3,7,2,5,3,7,0,0
621,3,2,5,1,3,2,4,1,3,1,3,0,0
622,4,3,6,1,3,2,5,1,3,2,4,0,0
623,6,3,7,2,4,3,6,2,4,2,4,0,0
624,3,2,4,1,3,2,4,2,4,1,3,0,0
625,4,2,4,2,4,2,4,2,4,2,4,0,0
626,6,2,6,2,5,2,5,2,5,2,5,0,0
627,6,3,7,2,4,2,5,1,3,2,5,0,0
628,4,3,7,2,5,2,5,1,3,2,5,0,0
629,3,2,4,1,3,2,5,1,3,2,4,0,0
630,4,2,4,1,3,2,5,2,4,2,5,0,0
631,5,3,6,2,5,2,5,2,5,2,5,0,0
632,3,2,4,2,4,2,4,1,3,1,3,0,0
633,4,2,4,2,4,3,6,1,3,2,5,0,0
634,8,2,5,3,6,2,5,1,3,2,4,0,0
635,3,1,3,2,4,2,4,1,3,2,4,0,0
636,4,2,4,3,6,2,5,2,5,2,5,0,0
637,3,1,3,1,3,2,4,2,5,2,4,0,0
638,4,2,4,2,5,2,5,3,6,2,5,0,0
639,4,2,5,2,5,2,4,2,5,2,4,0,0
640,3,2,5,2,4,1,3,1,3,1,3,0,0
641,4,2,5,2,5,2,4,2,4,2,4,0,0
642,5,3,6,2,5,2,5,2,4,2,5,0,0
643,3,2,5,2,4,2,4,1,2,2,4,0,0
644,3,3,7,3,6,2,4,1,3,2,4,0,0
645,5,3,7,2,5,2,4,1,3,2,4,0,0
646,4,3,6,2,4,3,6,1,3,2,4,0,0
647,5,1,3,2,4,3,6,3,7,3,6,0,0
648,4,4,8,3,7,2,4,1,3,2,4,0,0
649,4,2,5,2,4,2,4,3,6,2,4,0,0
650,3,2,4,2,4,2,5,1,3,1,3,0,0
651,4,3,6,2,4,3,7,2,4,2,5,0,0
652,3,2,5,2,4,2,5,1,3,2,5,0,0
653,4,2,5,2,4,3,6,2,4,3,6,0,0
654,4,2,4,3,6,2,5,3,6,2,5,0,0
655,3,1,3,1,3,2,5,2,4,2,4,0,0
656,3,2,4,1,3,2,5,1,3,2,4,0,0
657,4,2,4,1,3,4,8,3,6,3,6,0,0
658,3,2,5,1,3,3,6,2,4,2,4,0,0
659,4,3,6,1,3,3,7,2,5,2,4,0,0
660,3,3,6,2,5,2,4,2,5,2,4,0,0
661,4,3,7,3,6,2,4,3,6,2,4,0,0
662,3,2,4,2,4,2,4,1,3,2,4,0,0
663,4,3,6,2,5,2,5,2,4,2,5,0,0
664,3,2,4,2,4,1,3,2,5,1,3,0,0
665,4,3,6,3,6,2,4,3,7,2,4,0,0
666,3,2,4,2,5,1,3,1,3,1,3,0,0
667,4,3,6,3,6,2,4,2,4,2,4,0,0
668,3,1,3,2,4,2,4,2,4,2,4,0,0
669,4,2,4,2,4,2,5,2,5,2,5,0,0
670,5,2,4,2,4,3,6,3,6,3,6,0,0
671,3,1,3,1,3,1,3,3,6,2,4,0,0
672,4,1,3,1,3,2,4,3,7,2,4,0,0
673,6,2,4,1,3,2,5,3,7,2,5,0,0
674,3,1,3,2,4,2,4,1,3,2,4,0,0
675,4,2,5,3,6,2,5,2,5,2,4,0,0
676,3,2,4,1,3,2,4,2,4,2,4,0,0
677,4,2,4,1,3,2,4,2,5,2,5,0,0
678,5,3,6,2,5,2,5,3,6,3,6,0,0
679,3,2,4,2,5,2,4,1,3,2,4,0,0
680,4,3,6,3,6,2,5,2,4,2,5,0,0
681,4,2,5,3,6,2,4,2,5,2,4,0,0
682,3,2,5,2,4,2,4,1,3,2,4,0,0
683,4,3,7,1,3,3,6,2,4,3,6,0,0
684,3,2,4,1,2,2,4,2,4,2,4,0,0
685,4,2,5,1,3,2,5,2,5,2,5,0,0
686,4,1,3,1,3,2,4,2,4,2,5,0,0
687,5,2,4,2,4,2,5,2,5,3,6,0,0
688,8,2,5,2,4,2,5,1,3,2,4,0,0
689,3,2,4,2,4,2,4,2,4,2,4,0,0
690,4,2,5,2,5,2,4,3,6,2,4,0,0
691,3,2,4,1,2,2,5,1,3,2,5,0,0
692,4,3,6,1,3,3,7,2,4,3,6,0,0
693,3,2,4,1,3,2,5,2,4,2,4,0,0
694,4,2,5,2,4,3,6,2,5,2,5,0,0
695,5,3,6,2,5,3,6,2,5,2,5,0,0
696,3,2,4,1,3,2,4,2,4,1,3,0,0
697,4,2,5,1,3,2,5,2,5,2,5,0,0
698,5,3,6,2,4,2,5,3,6,2,5,0,0
699,3,2,4,1,3,2,4,2,5,2,4,0,0
700,4,2,5,1,3,2,5,3,7,3,6,0,0
701,3,1,3,1,3,2,4,2,4,2,4,0,0
702,4,1,3,2,4,2,4,3,6,2,4,0,0
703,5,2,4,2,4,2,5,4,8,2,5,0,0
704,3,2,5,2,4,2,4,1,3,1,3,0,0
705,4,3,6,2,4,2,5,1,3,2,4,0,0
706,5,4,8,3,6,2,5,2,4,2,5,0,0
707,3,2,5,1,3,1,3,2,4,1,3,0,0
708,4,3,6,2,4,2,5,2,5,2,5,0,0
709,4,2,4,3,6,1,3,3,6,3,7,0,0
710,3,1,3,1,3,2,5,1,3,2,4,0,0
711,4,2,5,4,8,1,3,3,6,2,4,0,0
712,5,2,4,1,3,2,5,2,5,3,6,0,0
713,4,2,5,1,3,3,6,2,4,2,5,0,0
714,3,2,5,2,4,2,4,2,4,2,4,0,0
715,4,3,7,3,6,2,4,3,6,2,4,0,0
716,4,3,7,2,5,2,4,2,4,2,5,0,0
717,3,2,5,1,3,2,4,1,3,2,5,0,0
718,4,3,7,2,4,2,5,2,4,2,5,0,0
719,3,2,5,2,4,2,5,1,3,1,3,0,0
720,4,3,7,2,5,3,6,2,4,2,5,0,0
721,4,3,6,2,4,3,6,1,3,3,6,0,0
722,3,2,5,2,4,2,4,1,3,2,4,0,0
723,5,3,7,2,5,2,5,2,4,2,5,0,0
724,3,2,4,2,4,2,5,2,4,2,5,0,0
725,5,2,4,2,5,3,6,2,4,3,6,0,0
726,4,3,6,2,5,2,4,3,6,2,4,0,0
727,4,3,6,3,6,3,6,2,4,2,4,0,0
728,3,2,4,1,3,2,4,2,4,2,4,0,0
729,4,2,5,2,4,2,5,2,4,2,5,0,0
730,5,3,6,3,6,2,5,3,7,2,4,0,0
731,3,2,5,2,4,2,4,2,4,2,4,0,0
732,4,2,4,3,6,2,4,3,7,3,6,0,0
733,4,5,5,6,6,7,7,5,5,5,5,0,0
734,4,7,7,6,6,5,5,5,5,5,5,0,0
735,4,5,5,6,6,5,5,7,7,5,5,0,0
736,4,6,6,6,6,5,5,7,7,5,5,0,0
737,4,6,6,7,7,5,5,6,6,5,5,0,0
738,4,6,6,6,6,5,5,7,7,5,5,0,0
739,4,6,6,6,6,5,5,8,8,5,5,0,0
740,5,7,7,5,5,6,6,8,8,7,7,0,0
741,5,8,8,5,5,7,7,7,7,6,6,0,0
742,4,7,7,6,6,5,5,6,6,5,5,0,0
743,4,8,8,5,5,5,5,6,6,5,5,0,0
744,6,7,7,6,6,5,5,7,7,5,5,0,0
745,6,9,9,6,6,6,6,7,7,5,5,0,0
746,6,7,7,6,6,5,5,9,9,6,6,0,0
747,4,5,5,6,6,5,5,7,7,5,5,0,0
748,4,6,6,6,6,6,6,7,7,5,5,0,0
749,5,5,5,5,5,5,5,7,7,7,7,0,0
750,5,7,7,7,7,5,5,5,5,5,5,0,0
751,4,7,7,6,6,6,6,7,7,6,6,0,0
752,3,2,4,1,3,2,4,2,4,2,4,0,0
753,4,2,5,2,4,3,6,2,4,2,4,0,0
754,5,3,6,2,4,3,7,2,5,2,5,0,0
755,3,2,4,2,4,1,3,2,4,2,4,0,0
756,4,2,4,2,5,2,4,2,5,2,5,0,0
757,5,2,5,3,6,2,5,3,6,3,6,0,0
758,3,2,4,2,5,1,3,2,4,1,3,0,0
759,4,2,4,3,6,2,4,2,5,2,4,0,0
760,5,3,6,3,7,2,4,3,6,2,5,0,0
761,5,3,6,3,7,2,4,3,6,2,5,0,0
762,3,1,3,2,4,1,3,1,3,1,3,0,0
763,4,2,4,2,5,2,5,2,4,2,5,0,0
764,3,2,4,2,4,1,3,1,3,1,3,0,0
765,4,2,5,2,5,2,4,2,4,2,4,0,0
766,5,2,5,3,7,2,5,2,5,2,4,0,0
767,3,1,3,1,3,1,3,1,3,1,3,0,0
768,4,1,3,1,3,2,4,1,3,1,3,0,0
769,5,2,4,2,5,2,4,2,5,2,4,0,0
770,3,2,4,2,5,2,4,2,5,2,4,0,0
771,5,2,4,3,6,2,5,3,6,2,4,0,0
772,3,1,3,1,3,1,3,2,4,2,5,0,0
773,4,2,4,2,4,2,4,2,5,3,6,0,0
774,5,2,4,2,5,2,4,3,6,3,7,0,0
775,3,2,4,2,4,2,4,2,4,2,4,0,0
776,6,3,6,2,4,2,4,2,5,2,4,0,0
777,3,2,5,1,3,2,4,2,4,2,4,0,0
778,5,3,7,2,4,2,5,2,4,2,5,0,0
779,4,2,5,3,6,2,4,2,4,2,5,0,0
780,3,2,4,2,4,2,4,2,4,2,4,0,0
781,4,2,4,3,6,2,5,2,5,2,5,0,0
782,3,2,5,1,3,3,6,1,3,1,3,0,0
783,4,3,6,1,3,4,8,2,4,2,4,0,0
784,5,2,4,1,3,4,8,2,4,4,8,0,0
785,5,4,8,1,3,2,4,4,8,2,4,0,0
786,3,2,4,1,3,2,4,2,4,2,4,0,0
787,5,2,5,1,3,2,5,3,6,2,5,0,0
788,3,2,4,2,4,2,4,2,4,2,4,0,0
789,4,2,5,2,5,2,5,2,5,2,5,0,0
790,3,2,4,2,4,2,4,1,3,2,4,0,0
791,4,2,5,2,5,2,5,2,4,2,5,0,0
792,3,2,4,2,4,2,4,1,3,2,4,0,0
793,4,3,6,2,4,3,6,2,4,2,5,0,0
794,3,2,4,1,3,2,4,2,4,2,4,0,0
795,6,2,5,2,4,2,5,3,6,3,7,0,0
796,3,2,4,1,3,2,4,2,4,2,4,0,0
797,4,2,5,2,4,2,5,3,7,2,5,0,0
798,3,1,3,2,5,1,3,2,4,1,3,0,0
799,4,2,4,3,6,2,4,3,6,2,5,0,0
800,3,2,5,2,4,2,5,2,4,2,4,0,0
801,4,3,7,2,5,3,7,2,4,2,4,0,0
802,3,2,4,2,4,2,4,2,4,2,4,0,0
803,6,2,5,2,4,2,5,3,6,2,5,0,0
804,4,2,4,2,4,2,4,3,6,3,7,0,0
805,4,2,5,3,6,2,5,2,5,2,4,0,0
806,4,2,4,3,6,2,4,2,5,2,4,0,0
807,4,2,4,2,4,3,7,2,4,3,7,0,0
808,3,2,4,1,3,1,3,2,4,2,5,0,0
809,4,2,5,2,4,2,4,2,5,3,6,0,0
810,5,3,6,2,5,2,5,3,6,3,7,0,0
811,4,2,5,2,5,2,5,2,5,2,5,0,0
812,3,2,5,1,3,2,4,2,4,2,4,0,0
813,5,3,6,2,4,2,5,2,4,2,5,0,0
814,3,2,4,2,4,2,5,2,4,2,4,0,0
815,4,2,5,2,5,3,7,2,4,2,5,0,0
816,3,2,4,1,3,2,5,1,3,1,3,0,0
817,4,3,6,1,3,4,9,1,3,1,3,0,0
818,3,1,3,2,4,1,3,2,4,1,3,0,0
819,4,2,5,3,7,2,5,3,6,2,5,0,0
820,6,7,7,6,6,6,6,7,7,6,6,0,0
821,8,7,7,6,6,6,6,7,7,6,6,0,0
822,1,1,1,1,1,1,1,1,1,1,1,0,0
823,4,6,6,6,6,5,5,4,4,5,5,0,0
824,5,6,6,6,6,7,7,5,5,6,6,0,0
825,11,6,6,5,5,7,7,5,5,6,6,0,0
826,4,6,6,4,4,8,8,6,6,8,8,0,0
827,5,8,8,6,6,6,6,8,8,6,6,0,0
828,4,6,6,5,5,4,4,8,8,7,7,0,0
829,7,8,8,5,5,4,4,9,9,7,7,0,0
830,4,6,6,5,5,7,7,7,7,5,5,0,0
831,3,2,4,1,3,2,4,2,4,2,4,0,0
832,4,2,5,2,4,2,5,2,5,2,5,0,0
833,5,3,6,2,5,2,5,3,6,3,6,0,0
834,3,2,4,2,5,1,3,2,4,1,3,0,0
835,4,2,5,2,5,2,4,2,5,2,4,0,0
836,6,3,7,2,4,2,5,2,5,2,5,0,0
837,3,2,4,1,3,2,4,2,4,2,4,0,0
838,4,2,4,2,4,2,4,2,5,2,5,0,0
839,5,2,5,2,4,2,5,3,7,3,6,0,0
840,3,2,5,2,4,1,3,1,3,1,3,0,0
841,4,2,5,2,5,2,4,1,3,2,4,0,0
842,5,3,7,2,4,2,5,2,5,2,5,0,0
843,3,2,5,2,4,1,3,1,3,1,3,0,0
844,4,3,6,2,4,2,4,2,4,2,4,0,0
845,3,2,4,2,4,2,4,2,4,2,4,0,0
846,4,2,5,1,3,3,6,2,4,2,5,0,0
847,5,2,5,1,3,2,5,4,8,2,5,0,0
848,3,2,5,2,4,2,4,1,3,2,4,0,0
849,4,3,7,2,4,2,5,2,4,2,4,0,0
850,4,2,5,3,6,2,5,3,6,2,5,0,0
851,4,2,5,3,6,2,5,3,6,2,5,0,0
852,4,2,5,3,6,2,5,3,6,2,5,0,0
853,4,2,5,3,6,2,5,3,6,2,5,0,0
854,3,2,4,2,5,1,3,2,4,1,3,0,0
855,4,2,4,3,7,2,4,3,6,2,5,0,0
856,3,2,4,2,4,1,3,1,3,1,3,0,0
857,4,3,6,3,6,2,4,2,4,2,4,0,0
858,4,3,6,3,6,2,4,2,4,2,4,0,0
859,4,3,6,2,5,2,5,2,4,2,5,0,0
860,4,1,3,2,4,1,3,1,3,1,3,0,0
861,8,3,7,1,3,3,7,3,7,3,7,0,0
862,3,2,4,2,4,2,4,1,3,2,4,0,0
863,4,2,4,1,3,3,7,2,4,3,6,0,0
864,3,3,6,2,4,2,5,2,4,2,4,0,0
865,5,3,7,1,3,3,6,2,4,2,5,0,0
866,3,1,3,1,3,2,4,1,3,2,5,0,0
867,4,2,5,1,3,3,6,2,4,3,7,0,0
868,3,2,4,1,3,1,3,2,4,1,3,0,0
869,4,3,6,2,4,2,5,2,5,2,5,0,0
870,3,1,3,1,2,2,4,2,4,2,5,0,0
871,4,2,4,1,3,2,5,2,5,3,6,0,0
872,3,1,3,2,5,1,3,2,5,2,4,0,0
873,4,2,4,3,6,2,4,3,6,2,4,0,0
874,3,2,5,2,4,2,4,2,4,2,4,0,0
875,6,3,7,2,4,2,5,2,4,2,4,0,0
876,3,1,3,1,3,1,3,1,3,1,3,0,0
877,4,1,3,2,4,2,4,1,3,2,4,0,0
878,5,3,7,2,5,3,6,2,4,3,6,0,0
879,4,2,4,3,6,2,5,2,5,3,6,0,0
880,4,2,4,2,4,2,5,2,5,3,6,0,0
881,5,3,7,2,5,2,5,1,3,2,4,0,0
882,3,1,3,2,5,1,3,1,3,1,3,0,0
883,7,3,7,1,3,3,7,2,4,2,5,0,0
884,3,2,4,1,2,2,5,2,5,2,4,0,0
885,4,2,5,1,3,3,6,3,6,2,5,0,0
886,4,2,4,1,1,3,7,1,3,3,7,0,0
887,3,3,6,2,4,3,6,3,6,3,6,0,0
888,4,3,6,3,6,3,6,3,6,3,6,0,0
889,4,2,4,2,4,3,6,2,4,3,6,0,0
890,4,3,6,3,7,2,4,3,6,2,4,0,0
891,4,3,6,2,4,2,4,2,5,3,6,0,0
892,4,2,5,1,3,3,7,2,5,2,5,0,0
893,4,3,6,3,6,2,4,2,4,2,5,0,0
894,4,2,5,3,6,2,5,2,4,3,6,0,0
895,4,3,6,2,5,2,5,2,5,2,5,0,0
896,4,2,5,1,3,2,5,3,7,2,5,0,0
897,5,3,7,1,3,3,6,2,5,2,5,0,0
898,3,2,4,2,4,2,4,2,4,2,4,0,0
899,4,2,5,2,4,2,5,2,4,2,5,0,0
900,5,3,6,2,5,3,7,3,6,3,6,0,0
901,4,6,6,7,7,5,5,6,6,5,5,0,0
902,4,5,5,6,6,5,5,7,7,6,6,0,0
903,4,7,7,5,5,6,6,5,5,6,6,0,0
904,4,5,5,5,5,6,6,6,6,7,7,0,0
905,3,1,3,1,3,1,3,1,3,1,3,0,0
906,4,3,3,3,3,7,7,3,3,7,7,0,0
907,7,7,7,6,6,6,6,5,5,5,5,0,0
908,7,6,6,6,6,5,5,7,7,6,6,0,0
909,5,4,4,6,6,4,4,7,7,7,7,0,0
910,5,7,7,5,5,7,7,4,4,4,4,0,0
911,4,7,7,8,8,3,3,7,7,3,3,0,0
912,4,5,5,5,5,5,5,9,9,5,5,0,0
913,9,6,6,4,4,6,6,6,6,6,6,0,0
914,4,9,9,6,6,7,7,4,4,3,3,0,0
915,11,6,6,4,4,4,4,6,6,4,4,0,0
916,4,6,6,5,5,6,6,7,7,5,5,0,0
917,4,8,8,5,5,7,7,6,6,6,6,0,0
918,4,6,6,5,5,6,6,8,8,7,7,0,0
919,5,8,8,7,7,6,6,8,8,6,6,0,0
920,4,6,6,4,4,6,6,7,7,6,6,0,0
921,4,7,7,7,7,5,5,5,5,5,5,0,0
922,3,2,5,2,5,2,4,2,5,2,4,0,0
923,5,5,5,7,7,5,5,7,7,5,5,0,0
924,6,7,7,2,2,10,10,4,4,6,6,0,0
925,4,7,7,6,6,4,4,6,6,5,5,0,0
926,4,6,6,7,7,5,5,6,6,5,5,0,0
927,3,2,4,1,3,2,4,2,4,1,3,0,0
928,6,4,8,1,3,4,8,2,5,2,4,0,0
929,3,2,4,2,4,2,4,1,3,1,3,0,0
930,3,2,5,2,5,2,5,2,4,2,4,0,0
931,6,3,7,2,5,2,5,2,4,2,5,0,0
932,3,2,5,2,4,1,3,1,3,1,3,0,0
933,4,2,5,2,5,2,4,2,4,2,4,0,0
934,5,3,6,3,7,2,5,2,4,2,5,0,0
935,3,1,3,2,5,1,3,2,5,1,3,0,0
936,4,2,4,2,5,2,4,3,6,2,4,0,0
937,5,2,5,3,7,2,4,3,7,2,4,0,0
938,3,2,4,1,3,2,4,1,3,1,3,0,0
939,5,3,6,1,3,3,6,2,4,2,5,0,0
940,3,2,4,2,4,1,3,1,3,1,3,0,0
941,4,2,4,2,5,2,4,1,3,2,4,0,0
942,6,2,5,2,4,3,6,2,4,2,5,0,0
943,3,1,3,2,4,1,3,1,3,2,4,0,0
944,4,1,3,1,2,2,5,2,4,2,5,0,0
945,5,2,4,2,4,3,6,2,5,3,7,0,0
946,3,1,3,2,4,1,3,2,4,2,4,0,0
947,4,2,4,2,5,2,4,2,5,2,5,0,0
948,3,1,3,1,2,2,4,1,3,2,4,0,0
949,4,2,4,2,4,2,5,2,5,3,7,0,0
950,3,1,3,2,4,2,4,1,3,2,4,0,0
951,4,2,5,2,5,3,6,2,4,2,5,0,0
952,3,2,4,1,3,2,4,1,3,1,3,0,0
953,4,3,6,2,5,2,5,2,5,2,5,0,0
954,3,2,4,2,4,2,4,2,4,2,4,0,0
955,4,2,5,3,7,2,4,2,5,2,4,0,0
956,3,1,3,1,3,2,4,1,3,2,4,0,0
957,4,2,4,2,4,2,5,2,4,2,5,0,0
958,6,2,5,1,3,3,7,2,5,2,5,0,0
959,3,2,4,2,4,2,4,2,4,2,4,0,0
960,4,3,6,2,5,2,5,3,6,2,4,0,0
961,5,2,5,1,3,2,5,3,6,2,5,0,0
962,4,2,4,2,4,2,5,1,3,2,4,0,0
963,6,3,6,2,5,3,7,2,4,2,5,0,0
964,4,2,5,2,5,2,4,2,5,3,6,0,0
965,3,2,4,2,4,1,3,1,3,1,3,0,0
966,4,3,7,3,7,2,4,2,4,2,4,0,0
967,3,3,3,3,3,3,3,3,3,3,3,0,0
968,4,3,6,2,5,2,5,3,6,2,5,0,0
969,4,3,6,2,5,2,5,3,6,2,5,0,0
970,3,2,4,2,4,2,4,2,4,2,4,0,0
971,5,3,6,2,4,2,4,2,5,2,5,0,0
972,3,2,4,1,3,2,4,2,4,2,4,0,0
973,4,3,6,1,3,2,5,2,5,2,5,0,0
974,3,2,4,2,4,2,4,2,5,2,4,0,0
975,4,2,4,2,5,2,4,3,7,3,6,0,0
976,3,1,3,1,3,2,4,2,4,2,4,0,0
977,4,1,3,2,4,2,4,2,5,2,5,0,0
978,5,2,5,1,3,3,6,3,7,3,6,0,0
979,3,2,4,2,4,1,3,2,4,1,3,0,0
980,4,2,4,2,5,2,4,2,5,2,4,0,0
981,5,3,7,2,4,2,4,3,6,2,5,0,0
982,5,2,5,3,6,3,6,2,4,2,5,0,0
983,4,3,6,2,4,3,6,2,4,2,4,0,0
984,4,3,6,1,3,2,4,4,8,2,5,0,0
985,4,3,7,2,4,2,5,2,4,2,5,0,0
986,5,2,5,2,5,2,5,3,6,3,6,0,0
987,4,3,6,1,3,4,8,2,4,3,6,0,0
988,3,1,3,1,3,1,3,2,4,2,4,0,0
989,4,2,4,2,4,2,5,3,6,3,6,0,0
990,5,3,6,2,5,3,6,2,5,2,4,0,0
991,4,3,6,1,2,3,7,2,5,2,5,0,0
992,3,1,3,1,3,1,3,2,4,1,3,0,0
993,4,2,4,2,4,2,4,3,7,2,5,0,0
994,6,3,7,2,5,3,7,1,3,1,3,0,0
995,4,2,5,2,4,3,6,2,4,2,5,0,0
996,4,2,5,3,7,2,5,2,4,2,4,0,0
997,4,2,4,3,6,2,4,3,6,3,6,0,0
998,4,3,6,3,6,2,4,2,5,2,4,0,0
999,3,2,5,1,3,2,4,1,3,2,4,0,0
1000,6,3,7,1,3,2,4,2,5,2,4,0,0
1001,4,3,6,2,5,2,5,2,5,2,5,0,0
1002,5,3,6,2,4,2,5,2,5,2,5,0,0
1003,5,2,5,2,5,3,6,2,5,2,5,0,0
1004,4,2,5,2,4,3,6,2,5,2,5,0,0
1005,4,3,6,2,5,3,6,3,7,2,4,0,0
1006,3,2,4,2,5,1,3,1,3,1,3,0,0
1007,4,2,5,3,6,2,4,2,4,2,4,0,0
1008,5,3,7,3,7,2,5,3,6,2,5,0,0
1009,5,7,7,7,7,6,6,5,5,6,6,0,0
1010,5,9,9,8,8,6,6,5,5,6,6,0,0
1011,5,7,7,7,7,6,6,5,5,6,6,0,0
1012,5,7,7,7,7,8,8,5,5,8,8,0,0
1013,10,5,5,7,7,6,6,8,8,6,6,0,0
